{
    "2p": {
        "0": -0.2652810715658147,
        "1": 18.209381071565872
    }
}