{
    "pi": {
        "0": 178.85839968253956,
        "1": 55.20314765873018,
        "2": -233.8036473412694
    }
}