{
    "ip": {
        "0": 477.37393150528277,
        "1": 482.32339609841483,
        "2": -954.5547276036959
    }
}