{
    "2i": {
        "0": 0.04109579365079363,
        "1": 0.06300420634920635
    }
}