{
    "up": {
        "0": 826.0045989577014,
        "1": 806.178737974716,
        "2": -1586.5656369324163
    }
}