{
    "2u": {
        "0": 6.907747185139442,
        "1": -1.908247185139418
    }
}